id,name,date,artists,lyricists,composers,arrangers,discs,events
32,Wonderful Rush,2012年9月5日,μ's,畑 亜貴,河田貴央,河田貴央,"{21, 166, 23}","[{'event': '107', 'concert': '145', 'performance': '227'}, {'event': '107', 'concert': '145', 'performance': '226'}, {'event': '101', 'concert': '140', 'performance': '221'}, {'event': '98', 'concert': '133', 'performance': '210'}, {'event': '98', 'concert': '130', 'performance': '200'}, {'event': '91', 'concert': '119', 'performance': '182'}, {'event': '91', 'concert': '119', 'performance': '181'}, {'event': '85', 'concert': '111', 'performance': '172'}, {'event': '85', 'concert': '111', 'performance': '171'}, {'event': '81', 'concert': '107', 'performance': '167'}, {'event': '78', 'concert': '104', 'performance': '164'}]"
35,after school NAVIGATORS,2012年10月17日,にこりんぱな,畑 亜貴,河田貴央,河田貴央,"{166, 22, 23}","[{'event': '98', 'concert': '138', 'performance': '219'}, {'event': '98', 'concert': '138', 'performance': '218'}, {'event': '98', 'concert': '131', 'performance': '204'}, {'event': '98', 'concert': '131', 'performance': '203'}, {'event': '78', 'concert': '104', 'performance': '164'}]"
33,"Oh,Love＆Peace!",2012年9月5日,μ's,畑 亜貴,黒須克彦,黒須克彦,"{21, 166, 23}","[{'event': '107', 'concert': '145', 'performance': '227'}, {'event': '107', 'concert': '145', 'performance': '226'}, {'event': '91', 'concert': '119', 'performance': '182'}, {'event': '91', 'concert': '119', 'performance': '181'}, {'event': '78', 'concert': '104', 'performance': '164'}]"
101,Angelic Angel,2015年7月1日,μ's,畑 亜貴,森慎太郎,倉内達矢,"{56, 166}","[{'event': '107', 'concert': '145', 'performance': '227'}, {'event': '107', 'concert': '145', 'performance': '226'}]"
62,タカラモノズ,2014年1月29日,μ's,畑 亜貴,高田 暁,高田 暁,"{34, 166, 55}","[{'event': '106', 'concert': '147', 'performance': '230'}, {'event': '106', 'concert': '147', 'performance': '229'}, {'event': '106', 'concert': '146', 'performance': '228'}, {'event': '98', 'concert': '132', 'performance': '206'}, {'event': '98', 'concert': '132', 'performance': '205'}, {'event': '98', 'concert': '130', 'performance': '202'}, {'event': '98', 'concert': '129', 'performance': '198'}, {'event': '98', 'concert': '129', 'performance': '197'}, {'event': '98', 'concert': '128', 'performance': '195'}, {'event': '92', 'concert': '120', 'performance': '187'}, {'event': '91', 'concert': '119', 'performance': '182'}, {'event': '91', 'concert': '119', 'performance': '181'}, {'event': '90', 'concert': '118', 'performance': '180'}, {'event': '88', 'concert': '116', 'performance': '178'}, {'event': '87', 'concert': '113', 'performance': '174'}]"
4,baby maybe 恋のボタン,2010年12月22日,μ's,畑 亜貴,山口朗彦,山口朗彦,"{2, 166, 23}","[{'event': '107', 'concert': '145', 'performance': '227'}, {'event': '107', 'concert': '145', 'performance': '226'}, {'event': '85', 'concert': '111', 'performance': '172'}, {'event': '85', 'concert': '111', 'performance': '171'}, {'event': '78', 'concert': '104', 'performance': '164'}, {'event': '74', 'concert': '100', 'performance': '160'}]"
34,Listen to my heart!!,2012年10月17日,にこりんぱな,畑 亜貴,河原嶺旭,河原嶺旭,"{166, 22, 23}","[{'event': '98', 'concert': '138', 'performance': '219'}, {'event': '98', 'concert': '138', 'performance': '218'}, {'event': '98', 'concert': '131', 'performance': '204'}, {'event': '98', 'concert': '131', 'performance': '203'}, {'event': '78', 'concert': '104', 'performance': '164'}]"
61,LOVELESS WORLD,2013年11月27日,μ's,畑 亜貴,山田高弘,河田貴央,"{33, 166, 55}","[{'event': '85', 'concert': '111', 'performance': '172'}, {'event': '85', 'concert': '111', 'performance': '171'}]"
36,僕らは今のなかで,2013年1月23日,μ's,畑 亜貴,森慎太郎,森慎太郎,"{24, 166, 55}","[{'event': '38', 'concert': '63', 'performance': '111'}, {'event': '38', 'concert': '63', 'performance': '110'}, {'event': '107', 'concert': '145', 'performance': '227'}, {'event': '107', 'concert': '145', 'performance': '226'}, {'event': '106', 'concert': '147', 'performance': '230'}, {'event': '106', 'concert': '147', 'performance': '229'}, {'event': '106', 'concert': '146', 'performance': '228'}, {'event': '103', 'concert': '142', 'performance': '223'}, {'event': '102', 'concert': '141', 'performance': '222'}, {'event': '101', 'concert': '140', 'performance': '221'}, {'event': '98', 'concert': '133', 'performance': '210'}, {'event': '98', 'concert': '133', 'performance': '209'}, {'event': '98', 'concert': '130', 'performance': '201'}, {'event': '98', 'concert': '129', 'performance': '198'}, {'event': '98', 'concert': '129', 'performance': '197'}, {'event': '98', 'concert': '128', 'performance': '196'}, {'event': '98', 'concert': '128', 'performance': '195'}, {'event': '98', 'concert': '128', 'performance': '194'}, {'event': '98', 'concert': '128', 'performance': '193'}, {'event': '92', 'concert': '122', 'performance': '190'}, {'event': '92', 'concert': '121', 'performance': '189'}, {'event': '92', 'concert': '121', 'performance': '188'}, {'event': '92', 'concert': '120', 'performance': '187'}, {'event': '91', 'concert': '119', 'performance': '182'}, {'event': '91', 'concert': '119', 'performance': '181'}, {'event': '90', 'concert': '118', 'performance': '180'}, {'event': '88', 'concert': '116', 'performance': '178'}, {'event': '88', 'concert': '114', 'performance': '176'}, {'event': '88', 'concert': '114', 'performance': '175'}, {'event': '87', 'concert': '113', 'performance': '174'}, {'event': '85', 'concert': '111', 'performance': '172'}, {'event': '85', 'concert': '111', 'performance': '171'}, {'event': '84', 'concert': '110', 'performance': '170'}, {'event': '83', 'concert': '109', 'performance': '169'}, {'event': '82', 'concert': '108', 'performance': '168'}, {'event': '81', 'concert': '107', 'performance': '167'}, {'event': '81', 'concert': '107', 'performance': '167'}, {'event': '80', 'concert': '106', 'performance': '166'}, {'event': '79', 'concert': '105', 'performance': '165'}]"
91,そして最後のページには,2014年12月25日,μ's,畑 亜貴,渡辺和紀,渡辺和紀,"{88, 166, 184}","[{'event': '91', 'concert': '119', 'performance': '182'}]"
2,友情ノーチェンジ,2010年8月25日,μ's,畑 亜貴,Tron-LM,Tron-LM,"{1, 166, 23}","[{'event': '107', 'concert': '145', 'performance': '227'}, {'event': '107', 'concert': '145', 'performance': '226'}, {'event': '85', 'concert': '111', 'performance': '172'}, {'event': '85', 'concert': '111', 'performance': '171'}, {'event': '78', 'concert': '104', 'performance': '164'}, {'event': '74', 'concert': '100', 'performance': '160'}]"
63,Paradise Live,2014年1月29日,μ's,畑 亜貴,倉内達矢,倉内達矢,"{34, 166, 55}",[]
99,最低で最高のParadiso,2015年5月23日,BiBi,畑 亜貴,木村有希,木村有希,"{97, 166}",[]
38,きっと青春が聞こえる,2013年2月6日,μ's,畑 亜貴,高田 暁,高田 暁,"{25, 166, 55}","[{'event': '107', 'concert': '145', 'performance': '226'}, {'event': '106', 'concert': '147', 'performance': '229'}, {'event': '98', 'concert': '138', 'performance': '218'}, {'event': '98', 'concert': '137', 'performance': '216'}, {'event': '98', 'concert': '136', 'performance': '214'}, {'event': '98', 'concert': '133', 'performance': '209'}, {'event': '98', 'concert': '133', 'performance': '207'}, {'event': '98', 'concert': '132', 'performance': '205'}, {'event': '98', 'concert': '131', 'performance': '203'}, {'event': '90', 'concert': '118', 'performance': '180'}, {'event': '85', 'concert': '111', 'performance': '172'}, {'event': '85', 'concert': '111', 'performance': '171'}, {'event': '81', 'concert': '107', 'performance': '167'}]"
37,WILD STARS,2013年1月23日,μ's,畑 亜貴,高田 暁,高田 暁,"{24, 166, 55}","[{'event': '81', 'concert': '107', 'performance': '167'}]"
110,NO EXIT ORION,2015年11月25日,Printemps,畑 亜貴,山田竜平,山田竜平,"{61, 166}","[{'event': '107', 'concert': '145', 'performance': '227'}, {'event': '107', 'concert': '145', 'performance': '226'}]"
3,Snow halation,2010年12月22日,μ's,畑 亜貴,山田高弘,中西亮輔,"{2, 166, 23}","[{'event': '38', 'concert': '63', 'performance': '111'}, {'event': '38', 'concert': '63', 'performance': '110'}, {'event': '107', 'concert': '145', 'performance': '227'}, {'event': '107', 'concert': '145', 'performance': '226'}, {'event': '106', 'concert': '146', 'performance': '228'}, {'event': '103', 'concert': '142', 'performance': '223'}, {'event': '98', 'concert': '133', 'performance': '208'}, {'event': '98', 'concert': '133', 'performance': '207'}, {'event': '98', 'concert': '130', 'performance': '201'}, {'event': '98', 'concert': '128', 'performance': '194'}, {'event': '92', 'concert': '122', 'performance': '190'}, {'event': '92', 'concert': '121', 'performance': '189'}, {'event': '92', 'concert': '121', 'performance': '188'}, {'event': '92', 'concert': '120', 'performance': '187'}, {'event': '91', 'concert': '119', 'performance': '182'}, {'event': '91', 'concert': '119', 'performance': '181'}, {'event': '89', 'concert': '117', 'performance': '179'}, {'event': '85', 'concert': '111', 'performance': '172'}, {'event': '85', 'concert': '111', 'performance': '171'}, {'event': '84', 'concert': '110', 'performance': '170'}, {'event': '81', 'concert': '107', 'performance': '167'}, {'event': '80', 'concert': '106', 'performance': '166'}, {'event': '78', 'concert': '104', 'performance': '164'}, {'event': '77', 'concert': '103', 'performance': '163'}, {'event': '74', 'concert': '100', 'performance': '160'}]"
1,僕らのLIVE 君とのLIFE,2010年8月25日,μ's,畑 亜貴,山田高弘,高田 暁,"{1, 166, 23}","[{'event': '38', 'concert': '63', 'performance': '111'}, {'event': '38', 'concert': '63', 'performance': '110'}, {'event': '107', 'concert': '145', 'performance': '227'}, {'event': '107', 'concert': '145', 'performance': '226'}, {'event': '106', 'concert': '147', 'performance': '230'}, {'event': '106', 'concert': '147', 'performance': '229'}, {'event': '106', 'concert': '146', 'performance': '228'}, {'event': '103', 'concert': '142', 'performance': '223'}, {'event': '98', 'concert': '137', 'performance': '217'}, {'event': '98', 'concert': '137', 'performance': '216'}, {'event': '98', 'concert': '133', 'performance': '209'}, {'event': '98', 'concert': '130', 'performance': '201'}, {'event': '98', 'concert': '129', 'performance': '197'}, {'event': '98', 'concert': '128', 'performance': '195'}, {'event': '98', 'concert': '128', 'performance': '194'}, {'event': '92', 'concert': '122', 'performance': '190'}, {'event': '92', 'concert': '121', 'performance': '189'}, {'event': '92', 'concert': '121', 'performance': '188'}, {'event': '92', 'concert': '120', 'performance': '187'}, {'event': '91', 'concert': '119', 'performance': '182'}, {'event': '88', 'concert': '114', 'performance': '176'}, {'event': '85', 'concert': '111', 'performance': '172'}, {'event': '85', 'concert': '111', 'performance': '171'}, {'event': '82', 'concert': '108', 'performance': '168'}, {'event': '81', 'concert': '107', 'performance': '167'}, {'event': '80', 'concert': '106', 'performance': '166'}, {'event': '78', 'concert': '104', 'performance': '164'}, {'event': '78', 'concert': '104', 'performance': '164'}, {'event': '77', 'concert': '103', 'performance': '163'}, {'event': '120', 'concert': '172', 'performance': '276'}, {'event': '75', 'concert': '101', 'performance': '161'}, {'event': '74', 'concert': '100', 'performance': '160'}, {'event': '74', 'concert': '100', 'performance': '160'}]"
5,Love marginal,2011年5月25日,Printemps,畑 亜貴,藤末 樹,松坂康司、藤末 樹,"{3, 166, 23}","[{'event': '98', 'concert': '134', 'performance': '212'}, {'event': '98', 'concert': '134', 'performance': '211'}, {'event': '78', 'concert': '104', 'performance': '164'}, {'event': '74', 'concert': '100', 'performance': '160'}]"
83,もしもからきっと,2014年10月29日,東條 希,畑 亜貴,川崎里実,森谷敏紀,"{184, 166, 86}","[{'event': '91', 'concert': '119', 'performance': '182'}]"
71,Love wing bell,2014年6月11日,星空 凛、西木野真姫、小泉花陽、絢瀬絵里、東條 希、矢澤にこ,畑 亜貴,森慎太郎,森慎太郎,"{55, 166, 47}","[{'event': '107', 'concert': '145', 'performance': '227'}, {'event': '107', 'concert': '145', 'performance': '226'}, {'event': '91', 'concert': '119', 'performance': '182'}, {'event': '91', 'concert': '119', 'performance': '181'}]"
74,KiRa-KiRa Sensation!,2014年7月9日,μ's,畑 亜貴,本田光史郎,本田光史郎,"{48, 166, 55}","[{'event': '38', 'concert': '63', 'performance': '111'}, {'event': '38', 'concert': '63', 'performance': '110'}, {'event': '107', 'concert': '145', 'performance': '227'}, {'event': '107', 'concert': '145', 'performance': '226'}, {'event': '104', 'concert': '143', 'performance': '224'}, {'event': '103', 'concert': '142', 'performance': '223'}, {'event': '102', 'concert': '141', 'performance': '222'}, {'event': '101', 'concert': '140', 'performance': '221'}, {'event': '98', 'concert': '130', 'performance': '202'}, {'event': '98', 'concert': '130', 'performance': '201'}, {'event': '91', 'concert': '119', 'performance': '182'}, {'event': '91', 'concert': '119', 'performance': '181'}]"
98,MUSEUMでどうしたい？,2015年5月23日,Printemps,畑 亜貴,増田武史,増田武史,"{96, 166}",[]
84,永遠フレンズ,2014年11月12日,Printemps,畑 亜貴,中土智博,中土智博,"{51, 166, 55}","[{'event': '98', 'concert': '134', 'performance': '212'}, {'event': '98', 'concert': '134', 'performance': '211'}, {'event': '91', 'concert': '119', 'performance': '181'}]"
85,小夜啼鳥恋詩,2014年11月12日,Printemps,畑 亜貴,渡辺和紀,渡辺和紀,"{51, 166, 55}","[{'event': '91', 'concert': '119', 'performance': '181'}]"
64,ENDLESS PARADE,2014年1月29日,μ's,畑 亜貴,矢吹香那,矢吹香那,"{90, 166}",[]
65,それは僕たちの奇跡,2014年4月23日,μ's,畑 亜貴,黒須克彦,黒須克彦,"{44, 166, 55}","[{'event': '38', 'concert': '63', 'performance': '111'}, {'event': '38', 'concert': '63', 'performance': '110'}, {'event': '107', 'concert': '145', 'performance': '227'}, {'event': '107', 'concert': '145', 'performance': '226'}, {'event': '106', 'concert': '147', 'performance': '230'}, {'event': '106', 'concert': '147', 'performance': '229'}, {'event': '106', 'concert': '146', 'performance': '228'}, {'event': '105', 'concert': '144', 'performance': '225'}, {'event': '103', 'concert': '142', 'performance': '223'}, {'event': '102', 'concert': '141', 'performance': '222'}, {'event': '101', 'concert': '140', 'performance': '221'}, {'event': '98', 'concert': '133', 'performance': '210'}, {'event': '98', 'concert': '133', 'performance': '209'}, {'event': '98', 'concert': '130', 'performance': '200'}, {'event': '98', 'concert': '129', 'performance': '198'}, {'event': '98', 'concert': '129', 'performance': '197'}, {'event': '98', 'concert': '128', 'performance': '196'}, {'event': '98', 'concert': '128', 'performance': '195'}, {'event': '98', 'concert': '128', 'performance': '194'}, {'event': '98', 'concert': '128', 'performance': '193'}, {'event': '92', 'concert': '122', 'performance': '190'}, {'event': '92', 'concert': '121', 'performance': '189'}, {'event': '92', 'concert': '121', 'performance': '188'}, {'event': '92', 'concert': '120', 'performance': '187'}, {'event': '91', 'concert': '119', 'performance': '182'}, {'event': '91', 'concert': '119', 'performance': '181'}, {'event': '100', 'concert': '139', 'performance': '220'}, {'event': '88', 'concert': '116', 'performance': '178'}, {'event': '89', 'concert': '117', 'performance': '179'}]"
70,SENTIMENTAL StepS,2014年5月28日,μ's,畑 亜貴,高阪昌至,清水哲平,"{166, 46, 55}","[{'event': '91', 'concert': '119', 'performance': '182'}]"
8,ラブノベルス,2011年6月22日,BiBi,畑 亜貴,佐々倉有吾,佐々倉有吾,"{4, 166, 23}","[{'event': '78', 'concert': '104', 'performance': '164'}, {'event': '74', 'concert': '100', 'performance': '160'}]"
25,告白日和、です！,2012年6月27日,南ことり、小泉花陽,畑 亜貴,若林 充,若林 充,"{19, 166, 23}","[{'event': '78', 'concert': '104', 'performance': '164'}, {'event': '120', 'concert': '172', 'performance': '276'}]"
16,もうひとりじゃないよ,2012年1月25日,高坂穂乃果,畑 亜貴,佐伯高志,佐伯高志,"{9, 166}","[{'event': '98', 'concert': '138', 'performance': '219'}, {'event': '98', 'concert': '138', 'performance': '218'}, {'event': '74', 'concert': '100', 'performance': '160'}]"
93,同じ星が見たい,2014年12月25日,lily white,畑 亜貴,渡辺和紀,渡辺和紀,"{184, 166, 95}",[]
104,？←HEARTBEAT,2015年7月8日,絢瀬絵里、東條 希、矢澤にこ,畑 亜貴,本田光史郎,本田光史郎,"{57, 166}","[{'event': '107', 'concert': '145', 'performance': '227'}, {'event': '107', 'concert': '145', 'performance': '226'}]"
105,僕たちはひとつの光,2015年7月15日,μ's,畑 亜貴,ZAQ,EFFY,"{58, 166}","[{'event': '107', 'concert': '145', 'performance': '227'}, {'event': '107', 'concert': '145', 'performance': '226'}]"
107,HEART to HEART!,2015年10月28日,μ's,畑 亜貴,西岡和哉,西岡和哉,"{60, 166}",[]
106,Future style,2015年7月15日,高坂穂乃果、南ことり、園田海未,畑 亜貴,本田光史郎,本田光史郎,"{58, 166}","[{'event': '107', 'concert': '145', 'performance': '227'}, {'event': '107', 'concert': '145', 'performance': '226'}]"
45,No brand girls,2013年4月3日,μ's,畑 亜貴,河田貴央,河田貴央,"{28, 166, 55}","[{'event': '38', 'concert': '63', 'performance': '111'}, {'event': '38', 'concert': '63', 'performance': '110'}, {'event': '107', 'concert': '145', 'performance': '227'}, {'event': '107', 'concert': '145', 'performance': '226'}, {'event': '106', 'concert': '147', 'performance': '230'}, {'event': '106', 'concert': '147', 'performance': '229'}, {'event': '106', 'concert': '146', 'performance': '228'}, {'event': '103', 'concert': '142', 'performance': '223'}, {'event': '101', 'concert': '140', 'performance': '221'}, {'event': '98', 'concert': '130', 'performance': '200'}, {'event': '98', 'concert': '129', 'performance': '198'}, {'event': '98', 'concert': '128', 'performance': '196'}, {'event': '98', 'concert': '128', 'performance': '193'}, {'event': '92', 'concert': '122', 'performance': '190'}, {'event': '92', 'concert': '121', 'performance': '189'}, {'event': '92', 'concert': '121', 'performance': '188'}, {'event': '92', 'concert': '120', 'performance': '187'}, {'event': '91', 'concert': '119', 'performance': '182'}, {'event': '91', 'concert': '119', 'performance': '181'}, {'event': '89', 'concert': '117', 'performance': '179'}, {'event': '88', 'concert': '114', 'performance': '176'}, {'event': '88', 'concert': '114', 'performance': '175'}, {'event': '87', 'concert': '113', 'performance': '174'}, {'event': '85', 'concert': '111', 'performance': '172'}, {'event': '85', 'concert': '111', 'performance': '171'}, {'event': '84', 'concert': '110', 'performance': '170'}, {'event': '82', 'concert': '108', 'performance': '168'}, {'event': '81', 'concert': '107', 'performance': '167'}]"
57,硝子の花園,2013年8月28日,絢瀬絵里、東條 希,畑 亜貴,川崎里実,増田武史,"{80, 166, 184}","[{'event': '98', 'concert': '132', 'performance': '206'}, {'event': '98', 'concert': '132', 'performance': '205'}, {'event': '85', 'concert': '111', 'performance': '171'}]"
9,知らないLove*教えてLove,2011年7月27日,lily white,畑 亜貴,星 和生,福富雅之,"{5, 166, 23}","[{'event': '78', 'concert': '104', 'performance': '164'}, {'event': '74', 'concert': '100', 'performance': '160'}]"
72,Dancing stars on me!,2014年6月11日,μ's,畑 亜貴,佐伯高志,佐伯高志,"{55, 166, 47}","[{'event': '107', 'concert': '145', 'performance': '227'}, {'event': '107', 'concert': '145', 'performance': '226'}, {'event': '98', 'concert': '136', 'performance': '215'}, {'event': '98', 'concert': '136', 'performance': '214'}, {'event': '92', 'concert': '121', 'performance': '189'}, {'event': '91', 'concert': '119', 'performance': '182'}, {'event': '91', 'concert': '119', 'performance': '181'}]"
31,ありふれた悲しみの果て,2012年7月25日,絢瀬絵里,畑 亜貴,佐伯高志,佐伯高志,"{20, 166, 23}","[{'event': '98', 'concert': '132', 'performance': '206'}, {'event': '98', 'concert': '132', 'performance': '205'}, {'event': '81', 'concert': '107', 'performance': '167'}]"
68,COLORFUL VOICE,2014年5月8日,μ's,畑 亜貴,渡辺和紀,渡辺和紀,"{45, 166, 55}","[{'event': '91', 'concert': '119', 'performance': '181'}]"
46,Private Wars,2013年4月10日,A-RISE,畑 亜貴,板垣祐介,板垣祐介,{29},[]
13,私たちは未来の花,2011年11月23日,園田海未,畑 亜貴,三浦誠司,三浦誠司,"{166, 7}","[{'event': '98', 'concert': '137', 'performance': '217'}, {'event': '98', 'concert': '137', 'performance': '216'}, {'event': '86', 'concert': '112', 'performance': '173'}, {'event': '81', 'concert': '107', 'performance': '167'}, {'event': '74', 'concert': '100', 'performance': '160'}]"
94,Silent tonight,2014年12月25日,BiBi,畑 亜貴,佐々木裕,佐々木裕,"{184, 166, 94}","[{'event': '98', 'concert': '137', 'performance': '217'}, {'event': '98', 'concert': '137', 'performance': '216'}]"
95,Dreamin' Go! Go!!,2015年1月14日,μ's,畑 亜貴,TSUKASA,Kon-K,"{91, 166}","[{'event': '91', 'concert': '119', 'performance': '182'}, {'event': '91', 'concert': '119', 'performance': '181'}]"
81,Shangri-La Shower,2014年10月1日,μ's,畑 亜貴,倉内達矢,倉内達矢,"{50, 166, 55}","[{'event': '91', 'concert': '119', 'performance': '182'}, {'event': '91', 'concert': '119', 'performance': '181'}]"
76,ずるいよMagnetic today,2014年7月25日,西木野真姫、矢澤にこ,畑 亜貴,岡本健介,岡本健介,"{184, 83, 166}","[{'event': '91', 'concert': '119', 'performance': '182'}]"
75,Happy maker!,2014年7月9日,μ's,畑 亜貴,前口 渉,前口 渉,"{48, 166, 55}","[{'event': '107', 'concert': '145', 'performance': '227'}, {'event': '107', 'concert': '145', 'performance': '226'}, {'event': '91', 'concert': '119', 'performance': '182'}, {'event': '91', 'concert': '119', 'performance': '181'}]"
10,あ・の・ね・が・ん・ば・れ！,2011年7月27日,lily white,畑 亜貴,青木多果,青木多果,"{5, 166, 23}","[{'event': '78', 'concert': '104', 'performance': '164'}, {'event': '74', 'concert': '100', 'performance': '160'}]"
26,ぶる～べりぃ♡とれいん,2012年6月27日,南ことり,畑 亜貴,増田達行,三浦誠司,"{19, 166, 23}","[{'event': '98', 'concert': '137', 'performance': '217'}, {'event': '98', 'concert': '137', 'performance': '216'}, {'event': '86', 'concert': '112', 'performance': '173'}, {'event': '81', 'concert': '107', 'performance': '167'}, {'event': '78', 'concert': '104', 'performance': '164'}]"
20,Someday of my life,2012年4月25日,高坂穂乃果,畑 亜貴,八重樫ゆう一,八重樫ゆう一,"{17, 166, 23}","[{'event': '98', 'concert': '137', 'performance': '217'}, {'event': '98', 'concert': '137', 'performance': '216'}, {'event': '78', 'concert': '104', 'performance': '164'}]"
24,純愛レンズ,2012年5月23日,東條 希,畑 亜貴,山元祐介,山元祐介,"{18, 166, 23}","[{'event': '98', 'concert': '132', 'performance': '206'}, {'event': '98', 'concert': '132', 'performance': '205'}, {'event': '86', 'concert': '112', 'performance': '173'}, {'event': '81', 'concert': '107', 'performance': '167'}, {'event': '78', 'concert': '104', 'performance': '164'}]"
67,どんなときもずっと,2014年5月8日,μ's,畑 亜貴,佐々木裕,佐々木裕,"{45, 166, 55}","[{'event': '107', 'concert': '145', 'performance': '227'}, {'event': '106', 'concert': '147', 'performance': '230'}, {'event': '106', 'concert': '146', 'performance': '228'}, {'event': '103', 'concert': '142', 'performance': '223'}, {'event': '98', 'concert': '138', 'performance': '219'}, {'event': '98', 'concert': '137', 'performance': '217'}, {'event': '98', 'concert': '136', 'performance': '215'}, {'event': '98', 'concert': '133', 'performance': '210'}, {'event': '98', 'concert': '133', 'performance': '208'}, {'event': '98', 'concert': '132', 'performance': '206'}, {'event': '98', 'concert': '131', 'performance': '204'}, {'event': '91', 'concert': '119', 'performance': '182'}, {'event': '91', 'concert': '119', 'performance': '181'}]"
12,Mermaid festa vol.1,2011年8月24日,μ's,畑 亜貴,俊龍,渡辺和紀,"{166, 6, 23}","[{'event': '85', 'concert': '111', 'performance': '172'}, {'event': '78', 'concert': '104', 'performance': '164'}, {'event': '74', 'concert': '100', 'performance': '160'}]"
17,もぎゅっと“love”で接近中！,2012年2月15日,μ's,畑 亜貴,増田達行,A-bee,"{10, 166, 23}","[{'event': '107', 'concert': '145', 'performance': '227'}, {'event': '107', 'concert': '145', 'performance': '226'}, {'event': '98', 'concert': '136', 'performance': '215'}, {'event': '98', 'concert': '136', 'performance': '214'}, {'event': '98', 'concert': '133', 'performance': '207'}, {'event': '98', 'concert': '130', 'performance': '202'}, {'event': '91', 'concert': '119', 'performance': '182'}, {'event': '91', 'concert': '119', 'performance': '181'}, {'event': '85', 'concert': '111', 'performance': '172'}, {'event': '85', 'concert': '111', 'performance': '171'}, {'event': '81', 'concert': '107', 'performance': '167'}, {'event': '78', 'concert': '104', 'performance': '164'}, {'event': '77', 'concert': '103', 'performance': '163'}, {'event': '75', 'concert': '101', 'performance': '161'}, {'event': '74', 'concert': '100', 'performance': '160'}]"
80,Storm in Lover,2014年9月24日,絢瀬絵里、園田海未,畑 亜貴,増田武史,増田武史,"{184, 85, 166}","[{'event': '91', 'concert': '119', 'performance': '182'}]"
41,START:DASH!!,2013年2月20日,μ's,畑 亜貴,佐々木裕,佐々木裕,"{26, 166, 55}","[{'event': '38', 'concert': '63', 'performance': '111'}, {'event': '38', 'concert': '63', 'performance': '110'}, {'event': '107', 'concert': '145', 'performance': '227'}, {'event': '107', 'concert': '145', 'performance': '226'}, {'event': '103', 'concert': '142', 'performance': '223'}, {'event': '98', 'concert': '128', 'performance': '196'}, {'event': '98', 'concert': '128', 'performance': '193'}, {'event': '92', 'concert': '122', 'performance': '190'}, {'event': '92', 'concert': '121', 'performance': '188'}, {'event': '91', 'concert': '119', 'performance': '181'}, {'event': '88', 'concert': '114', 'performance': '176'}, {'event': '85', 'concert': '111', 'performance': '172'}, {'event': '85', 'concert': '111', 'performance': '171'}, {'event': '84', 'concert': '110', 'performance': '170'}, {'event': '83', 'concert': '109', 'performance': '169'}, {'event': '81', 'concert': '107', 'performance': '167'}, {'event': '81', 'concert': '107', 'performance': '167'}]"
88,ふたりハピネス,2014年11月26日,lily white,畑 亜貴,佐々木裕,佐々木裕,"{52, 166, 55}","[{'event': '107', 'concert': '145', 'performance': '227'}, {'event': '107', 'concert': '145', 'performance': '226'}, {'event': '91', 'concert': '119', 'performance': '181'}]"
54,にこぷり♡女子道,2013年7月26日,矢澤にこ,畑 亜貴,江並哲志,山元祐介,"{184, 166, 79}","[{'event': '98', 'concert': '138', 'performance': '219'}, {'event': '98', 'concert': '138', 'performance': '218'}, {'event': '98', 'concert': '131', 'performance': '204'}, {'event': '98', 'concert': '131', 'performance': '203'}, {'event': '86', 'concert': '112', 'performance': '173'}, {'event': '85', 'concert': '111', 'performance': '171'}]"
40,ススメ→トゥモロウ,2013年2月20日,高坂穂乃果、南ことり、園田海未,畑 亜貴,河田貴央,河田貴央,"{26, 166, 55}","[{'event': '107', 'concert': '145', 'performance': '227'}, {'event': '107', 'concert': '145', 'performance': '226'}, {'event': '98', 'concert': '137', 'performance': '217'}, {'event': '98', 'concert': '137', 'performance': '216'}, {'event': '91', 'concert': '119', 'performance': '182'}, {'event': '85', 'concert': '111', 'performance': '171'}, {'event': '81', 'concert': '107', 'performance': '167'}]"
48,なわとび,2013年5月28日,小泉花陽,畑 亜貴,rino,藤田宜久,"{184, 77, 166}","[{'event': '98', 'concert': '138', 'performance': '219'}, {'event': '98', 'concert': '138', 'performance': '218'}, {'event': '98', 'concert': '131', 'performance': '204'}, {'event': '98', 'concert': '131', 'performance': '203'}, {'event': '86', 'concert': '112', 'performance': '173'}, {'event': '85', 'concert': '111', 'performance': '171'}, {'event': '81', 'concert': '107', 'performance': '167'}]"
59,ぷわぷわーお!,2013年9月25日,Printemps,畑 亜貴,佐々倉有吾,佐々倉有吾,"{184, 92, 166}","[{'event': '98', 'concert': '134', 'performance': '212'}, {'event': '98', 'concert': '134', 'performance': '211'}]"
89,冬がくれた予感,2014年12月24日,BiBi,畑 亜貴,佐伯高志,佐伯高志,"{53, 166, 55}","[{'event': '91', 'concert': '119', 'performance': '181'}]"
66,だってだって噫無情,2014年4月23日,μ's,畑 亜貴,江並哲志,増田武史,"{44, 166, 55}","[{'event': '107', 'concert': '145', 'performance': '227'}, {'event': '107', 'concert': '145', 'performance': '226'}, {'event': '91', 'concert': '119', 'performance': '181'}]"
44,夢なき夢は夢じゃない,2013年3月22日,高坂穂乃果,畑 亜貴,高田 暁,高田 暁,"{184, 75, 166}","[{'event': '98', 'concert': '132', 'performance': '206'}, {'event': '98', 'concert': '132', 'performance': '205'}, {'event': '86', 'concert': '112', 'performance': '173'}, {'event': '85', 'concert': '111', 'performance': '171'}, {'event': '81', 'concert': '107', 'performance': '167'}]"
53,夏、終わらないで。,2013年7月24日,BiBi,畑 亜貴,渡辺和紀,渡辺和紀,"{55, 166, 31}","[{'event': '85', 'concert': '111', 'performance': '172'}]"
43,Wonder zone,2013年3月6日,μ's,畑 亜貴,佐々倉有吾,佐々倉有吾,"{27, 166, 55}","[{'event': '107', 'concert': '145', 'performance': '227'}, {'event': '107', 'concert': '145', 'performance': '226'}, {'event': '81', 'concert': '107', 'performance': '167'}]"
50,微熱からMystery,2013年6月26日,lily white,畑 亜貴,佐々木裕,佐々木裕,"{166, 30, 55}","[{'event': '85', 'concert': '111', 'performance': '172'}]"
92,CheerDay CheerGirl!,2014年12月25日,Printemps,畑 亜貴,佐々木裕,佐々木裕,"{184, 93, 166}",[]
100,乙姫心で恋宮殿,2015年5月23日,lily white,畑 亜貴,三浦誠司,三浦誠司,"{98, 166}",[]
103,SUNNY DAY SONG,2015年7月8日,μ's,畑 亜貴,倉内達矢,倉内達矢,"{57, 166}","[{'event': '107', 'concert': '145', 'performance': '227'}, {'event': '107', 'concert': '145', 'performance': '226'}]"
108,嵐のなかの恋だから,2015年10月28日,μ's,畑 亜貴,酒井陽一,酒井陽一,"{60, 166}",[]
109,WAO-WAO Powerful day!,2015年11月25日,Printemps,畑 亜貴,佐々木裕,佐々木裕,"{61, 166}","[{'event': '107', 'concert': '145', 'performance': '227'}, {'event': '107', 'concert': '145', 'performance': '226'}]"
78,Shocking Party,2014年8月27日,A-RISE,畑 亜貴,板垣祐介,板垣祐介,{49},[]
14,スピカテリブル,2011年12月14日,南ことり,畑 亜貴,藤末 樹,藤末 樹,"{8, 166}","[{'event': '74', 'concert': '100', 'performance': '160'}]"
82,るてしキスキしてる,2014年10月1日,μ's,畑 亜貴,佐伯高志,佐伯高志,"{50, 166, 55}",[]
73,シアワセ行きのSMILING!,2014年6月20日,高坂穂乃果,畑 亜貴,渡辺未来,渡辺未来,"{184, 82, 166}","[{'event': '91', 'concert': '119', 'performance': '182'}]"
77,これまでのラブライブ！ ～ミュージカルver.～,2014年8月27日,高坂穂乃果,京極尚彦,藤澤慶昌,藤澤慶昌,{49},[]
7,ダイヤモンドプリンセスの憂鬱,2011年6月22日,BiBi,畑 亜貴,吉田勝弥,高田 暁,"{4, 166, 23}","[{'event': '78', 'concert': '104', 'performance': '164'}, {'event': '74', 'concert': '100', 'performance': '160'}]"
29,Daring!!,2012年7月25日,西木野真姫,畑 亜貴,近藤圭一,近藤圭一,"{20, 166, 23}","[{'event': '86', 'concert': '112', 'performance': '173'}, {'event': '81', 'concert': '107', 'performance': '167'}, {'event': '78', 'concert': '104', 'performance': '164'}]"
27,孤独なHeaven,2012年6月27日,小泉花陽,畑 亜貴,前口 渉,増田武史,"{19, 166, 23}","[{'event': '78', 'concert': '104', 'performance': '164'}]"
21,恋のシグナルRin rin rin!,2012年4月25日,星空 凛,畑 亜貴,須田真吾,安藤高弘,"{17, 166, 23}","[{'event': '81', 'concert': '107', 'performance': '167'}, {'event': '78', 'concert': '104', 'performance': '164'}]"
30,勇気のReason,2012年7月25日,園田海未,畑 亜貴,増谷 賢,増谷 賢,"{20, 166, 23}","[{'event': '78', 'concert': '104', 'performance': '164'}]"
79,くるりんMIRACLE,2014年8月27日,星空 凛,畑 亜貴,森慎太郎,森慎太郎,"{184, 84, 166}","[{'event': '98', 'concert': '138', 'performance': '219'}, {'event': '98', 'concert': '138', 'performance': '218'}, {'event': '98', 'concert': '131', 'performance': '204'}, {'event': '98', 'concert': '131', 'performance': '203'}, {'event': '91', 'concert': '119', 'performance': '182'}]"
96,ミはμ'sicのミ,2015年4月22日,μ's,畑 亜貴,高田 暁,高田 暁,"{166, 54}","[{'event': '107', 'concert': '145', 'performance': '227'}, {'event': '107', 'concert': '145', 'performance': '226'}, {'event': '106', 'concert': '147', 'performance': '230'}, {'event': '106', 'concert': '147', 'performance': '229'}, {'event': '106', 'concert': '146', 'performance': '228'}, {'event': '98', 'concert': '138', 'performance': '219'}, {'event': '98', 'concert': '138', 'performance': '218'}, {'event': '98', 'concert': '137', 'performance': '217'}, {'event': '98', 'concert': '137', 'performance': '216'}, {'event': '98', 'concert': '136', 'performance': '215'}, {'event': '98', 'concert': '136', 'performance': '214'}, {'event': '98', 'concert': '134', 'performance': '212'}, {'event': '98', 'concert': '134', 'performance': '211'}, {'event': '98', 'concert': '133', 'performance': '210'}, {'event': '98', 'concert': '133', 'performance': '209'}, {'event': '98', 'concert': '133', 'performance': '208'}, {'event': '98', 'concert': '133', 'performance': '207'}, {'event': '98', 'concert': '132', 'performance': '206'}, {'event': '98', 'concert': '132', 'performance': '205'}, {'event': '98', 'concert': '131', 'performance': '204'}, {'event': '98', 'concert': '131', 'performance': '203'}, {'event': '98', 'concert': '130', 'performance': '202'}, {'event': '98', 'concert': '130', 'performance': '201'}, {'event': '98', 'concert': '130', 'performance': '200'}, {'event': '98', 'concert': '129', 'performance': '198'}, {'event': '98', 'concert': '129', 'performance': '197'}, {'event': '98', 'concert': '128', 'performance': '196'}, {'event': '98', 'concert': '128', 'performance': '195'}, {'event': '98', 'concert': '128', 'performance': '194'}, {'event': '98', 'concert': '128', 'performance': '193'}]"
86,好きですが好きですか？,2014年11月21日,南ことり、小泉花陽,畑 亜貴,渡辺和紀,渡辺和紀,"{184, 166, 87}","[{'event': '91', 'concert': '119', 'performance': '182'}]"
102,"Hello,星を数えて",2015年7月1日,星空 凛、西木野真姫、小泉花陽,畑 亜貴,山口朗彦,山口朗彦,"{56, 166}","[{'event': '107', 'concert': '145', 'performance': '227'}, {'event': '107', 'concert': '145', 'performance': '226'}]"
60,Music S.T.A.R.T!!,2013年11月27日,μ's,畑 亜貴,山口朗彦,山口朗彦,"{33, 166, 55}","[{'event': '107', 'concert': '145', 'performance': '227'}, {'event': '107', 'concert': '145', 'performance': '226'}, {'event': '98', 'concert': '136', 'performance': '215'}, {'event': '98', 'concert': '136', 'performance': '214'}, {'event': '98', 'concert': '130', 'performance': '202'}, {'event': '91', 'concert': '119', 'performance': '181'}, {'event': '85', 'concert': '111', 'performance': '172'}, {'event': '85', 'concert': '111', 'performance': '171'}]"
11,"夏色えがおで1,2,Jump!",2011年8月24日,μ's,畑 亜貴,奥松 誠,高田 暁,"{166, 6, 23}","[{'event': '107', 'concert': '145', 'performance': '227'}, {'event': '107', 'concert': '145', 'performance': '226'}, {'event': '98', 'concert': '133', 'performance': '208'}, {'event': '98', 'concert': '130', 'performance': '200'}, {'event': '91', 'concert': '119', 'performance': '182'}, {'event': '88', 'concert': '116', 'performance': '178'}, {'event': '85', 'concert': '111', 'performance': '172'}, {'event': '85', 'concert': '111', 'performance': '171'}, {'event': '82', 'concert': '108', 'performance': '168'}, {'event': '81', 'concert': '107', 'performance': '167'}, {'event': '78', 'concert': '104', 'performance': '164'}, {'event': '77', 'concert': '103', 'performance': '163'}, {'event': '76', 'concert': '102', 'performance': '162'}, {'event': '74', 'concert': '100', 'performance': '160'}]"
18,愛してるばんざーい！,2012年2月15日,μ's,畑 亜貴,山田高弘,清水哲平,"{10, 166, 23}","[{'event': '106', 'concert': '147', 'performance': '230'}, {'event': '106', 'concert': '147', 'performance': '229'}, {'event': '91', 'concert': '119', 'performance': '182'}, {'event': '78', 'concert': '104', 'performance': '164'}, {'event': '74', 'concert': '100', 'performance': '160'}]"
28,soldier game,2012年7月25日,西木野真姫、園田海未、絢瀬絵里,畑 亜貴,若林 充,若林 充,"{20, 166, 23}","[{'event': '78', 'concert': '104', 'performance': '164'}, {'event': '120', 'concert': '172', 'performance': '276'}]"
69,ユメノトビラ,2014年5月28日,μ's,畑 亜貴,佐伯高志,佐伯高志,"{166, 46, 55}","[{'event': '38', 'concert': '63', 'performance': '111'}, {'event': '38', 'concert': '63', 'performance': '110'}, {'event': '107', 'concert': '145', 'performance': '227'}, {'event': '107', 'concert': '145', 'performance': '226'}, {'event': '101', 'concert': '140', 'performance': '221'}, {'event': '98', 'concert': '133', 'performance': '208'}, {'event': '98', 'concert': '133', 'performance': '207'}, {'event': '91', 'concert': '119', 'performance': '182'}, {'event': '91', 'concert': '119', 'performance': '181'}]"
97,Super LOVE=Super LIVE!,2015年4月22日,μ's,畑 亜貴,河田貴央,河田貴央,"{166, 54}","[{'event': '107', 'concert': '145', 'performance': '227'}, {'event': '107', 'concert': '145', 'performance': '226'}]"
6,sweet&sweet holiday,2011年5月25日,Printemps,畑 亜貴,山口朗彦,藤末 樹,"{3, 166, 23}","[{'event': '107', 'concert': '145', 'performance': '227'}, {'event': '107', 'concert': '145', 'performance': '226'}, {'event': '98', 'concert': '134', 'performance': '212'}, {'event': '98', 'concert': '134', 'performance': '211'}, {'event': '88', 'concert': '115', 'performance': '177'}, {'event': '78', 'concert': '104', 'performance': '164'}, {'event': '74', 'concert': '100', 'performance': '160'}]"
19,Mermaid festa vol.2 ～Passionate～,2012年4月25日,高坂穂乃果、星空 凛,畑 亜貴,山崎真吾,松井 望,"{17, 166, 23}","[{'event': '98', 'concert': '138', 'performance': '219'}, {'event': '98', 'concert': '138', 'performance': '218'}, {'event': '78', 'concert': '104', 'performance': '164'}, {'event': '120', 'concert': '172', 'performance': '276'}]"
23,まほうつかいはじめました！,2012年5月23日,矢澤にこ,畑 亜貴,鈴木裕明,鈴木裕明,"{18, 166, 23}","[{'event': '81', 'concert': '107', 'performance': '167'}, {'event': '78', 'concert': '104', 'performance': '164'}]"
15,愛は太陽じゃない？,2012年1月25日,高坂穂乃果,畑 亜貴,佐々倉有吾,佐々倉有吾,"{9, 166}","[{'event': '98', 'concert': '132', 'performance': '206'}, {'event': '98', 'concert': '132', 'performance': '205'}]"
39,輝夜の城で踊りたい,2013年2月6日,μ's,畑 亜貴,佐々倉有吾,佐々倉有吾,"{25, 166, 55}","[{'event': '107', 'concert': '145', 'performance': '227'}, {'event': '107', 'concert': '145', 'performance': '226'}, {'event': '91', 'concert': '119', 'performance': '181'}, {'event': '85', 'concert': '111', 'performance': '172'}, {'event': '85', 'concert': '111', 'performance': '171'}, {'event': '81', 'concert': '107', 'performance': '167'}]"
51,キミのくせに！,2013年6月26日,lily white,畑 亜貴,杉森舞,山元祐介,"{166, 30, 55}","[{'event': '85', 'concert': '111', 'performance': '172'}]"
56,UNBALANCED LOVE,2013年8月21日,Printemps,畑 亜貴,佐伯高志,佐伯高志,"{32, 166, 55}","[{'event': '85', 'concert': '111', 'performance': '172'}]"
58,LONELIEST BABY,2013年9月25日,μ's,畑 亜貴,倉内達矢,倉内達矢,"{184, 81, 166}","[{'event': '85', 'concert': '111', 'performance': '171'}]"
52,Cutie Panther,2013年7月24日,BiBi,畑 亜貴,佐々木裕,佐々木裕,"{55, 166, 31}","[{'event': '107', 'concert': '145', 'performance': '227'}, {'event': '107', 'concert': '145', 'performance': '226'}, {'event': '85', 'concert': '111', 'performance': '172'}]"
55,Pure girls project,2013年8月21日,Printemps,畑 亜貴,倉内達矢,倉内達矢,"{32, 166, 55}","[{'event': '88', 'concert': '115', 'performance': '177'}, {'event': '85', 'concert': '111', 'performance': '172'}]"
90,Trouble Busters,2014年12月24日,BiBi,畑 亜貴,佐々倉有吾,倉内達矢,"{53, 166, 55}","[{'event': '91', 'concert': '119', 'performance': '181'}]"
42,これからのSomeday,2013年3月6日,高坂穂乃果、南ことり、園田海未、星空 凛、西木野真姫、小泉花陽、矢澤にこ,畑 亜貴,yozuca*,lotta,"{27, 166, 55}","[{'event': '107', 'concert': '145', 'performance': '227'}, {'event': '107', 'concert': '145', 'performance': '226'}, {'event': '81', 'concert': '107', 'performance': '167'}]"
49,Beat in Angel,2013年6月21日,星空 凛、西木野真姫,畑 亜貴,倉内達矢,倉内達矢,"{184, 166, 78}","[{'event': '85', 'concert': '111', 'performance': '171'}]"
47,Anemone heart,2013年4月24日,南ことり、園田海未,畑 亜貴,高田 暁,高田 暁,"{184, 76, 166}","[{'event': '85', 'concert': '111', 'performance': '171'}]"
